SKU,Parent SKU,Title,Description,Tags,MetaTags,MetaDescription,MobileDescription,Category,Category2,StoreCategory,StoreCategory2,PrivateListing,Quantity,WarehouseQuantity,InventoryControl,Price,WholesalePrice,OriginalRetailPrice,Currency,BestOffer,BestOfferAccept,BestOfferDecline,VATPercent,ListingDuration,AuctionStartPrice,AuctionReservePrice,AuctionBINPrice,ASIN,UPC,EAN,MPN,Brand,Manufacturer,Size,Color,Material,CustomSpecificBatteries Included,CustomSpecificDiameter,CustomSpecificPower,Condition,ConditionNote,CountryCode,Location,PostalCode,PolicyPayment,PolicyShipping,PolicyReturn,GlobalShipping,PackageType,MeasurementSystem,PackageLength,PackageWidth,PackageDepth,WeightMajor,WeightMinor,Image 1,Image 2,Image 3,Image 4,Image 5,Image 6,Image 7,Image 8,Image 9,VariationImageOption,VariationImageValue1,VariationImage1_1,VariationImageValue2,VariationImage2_1,SelfHostedImages,eBayHostedImages,Condition Description,Availability,Postal Code,Country,Shipping Service,Shipping Cost,Shipping Time,Shipping Time Max,Shipping Time Min
,, Amazing Fantasy #1000 1000P,Just Some Guy / Sinister 60th / Spider-Man vs. Conspiriton /  The Kid's Got a Good Eye / In the Flesh / Slaves of the Witch-Queen / You Get It / With Great Power... / Along Came a Rhino... P Tyler Kirkham NYCC 2022 Whatnot & Midtown Comics Exclusive Virgin Variant,,,,,259104,,,,,1,,,38.0,,,USD,,,,,,,,,,,,,,,,,,,,,New,,,,93635,,,,,,,,,,,,,,,,,,,,,,,,,,,,NM 9+,in stock,93635,US,USPS Media Mail,6.00,3-5,5-7,3-5
,, Armorclads 1E, E Incentive Livio Ramondelli Distressed Metal Variant Cover,,,,,259104,,,,,,,,205.0,,,USD,,,,,,,,,,,,,,,,,,,,,New,,,,,,,,,,,,,,,,,,,,,,,,,,,,,,,,NM 9+,in stock,93635,US,USPS Media Mail,6.00,3-5,5-7,3-5
,, Batman versus Predator 3B,Book 3 B Premium Edition,,,,,259104,,,,,,,,27.0,,,USD,,,,,,,,,,,,,,,,,,,,,New,,,,,,,,,,,,,,,,,,,,,,,,,,,,,,,,NM 9+,in stock,93635,US,USPS Media Mail,6.00,3-5,5-7,3-5
,," Batman, Vol. 3 125W", W Alex Ross - Cover A,,,,,259104,,,,,,,,50.0,,,USD,,,,,,,,,,,,,,,,,,,,,New,,,,,,,,,,,,,,,,,,,,,,,,,,,,,,,,NM 9+,in stock,93635,US,USPS Media Mail,6.00,3-5,5-7,3-5
,, Briar 1F, F Jenny Frison Red Variant,,,,,259104,,,,,,,,25.0,,,USD,,,,,,,,,,,,,,,,,,,,,New,,,,,,,,,,,,,,,,,,,,,,,,,,,,,,,,NM 9+,in stock,93635,US,USPS Media Mail,6.00,3-5,5-7,3-5
,, BRZRKR 2G, G Incentive John Paul Leon Virgin Cover,,,,,259104,,,,,,,,40.0,,,USD,,,,,,,,,,,,,,,,,,,,,New,,,,,,,,,,,,,,,,,,,,,,,,,,,,,,,,NM 9+,in stock,93635,US,USPS Media Mail,6.00,3-5,5-7,3-5
,," Catwoman, Vol. 5 45E", E Carla Cohen Variant,,,,,259104,,,,,,,,30.0,,,USD,,,,,,,,,,,,,,,,,,,,,New,,,,,,,,,,,,,,,,,,,,,,,,,,,,,,,,NM 9+,in stock,93635,US,USPS Media Mail,6.00,3-5,5-7,3-5
,, Closet 1AD, AD Zu Orzu Variant,,,,,259104,,,,,,,,24.0,,,USD,,,,,,,,,,,,,,,,,,,,,New,,,,,,,,,,,,,,,,,,,,,,,,,,,,,,,,NM 9+,in stock,93635,US,USPS Media Mail,6.00,3-5,5-7,3-5
,, Damn Them All 1G, G Incentive Sean Phillips Variant,,,,,259104,,,,,,,,42.0,,,USD,,,,,,,,,,,,,,,,,,,,,New,,,,,,,,,,,,,,,,,,,,,,,,,,,,,,,,NM 9+,in stock,93635,US,USPS Media Mail,6.00,3-5,5-7,3-5
,," Daredevil, Vol. 7 1D", D E.M. Gist Virgin,,,,,259104,,,,,,,,30.0,,,USD,,,,,,,,,,,,,,,,,,,,,New,,,,,,,,,,,,,,,,,,,,,,,,,,,,,,,,NM 9+,in stock,93635,US,USPS Media Mail,6.00,3-5,5-7,3-5
,, Dark Spaces Wildfire 1A, A ,,,,,259104,,,,,,,,15.0,,,USD,,,,,,,,,,,,,,,,,,,,,New,,,,,,,,,,,,,,,,,,,,,,,,,,,,,,,,NM 9+,in stock,93635,US,USPS Media Mail,6.00,3-5,5-7,3-5
,, The Department of Truth 1AM,Chapter One AM 6th Final Print Martin Simmonds,,,,,259104,,,,,,,,55.0,,,USD,,,,,,,,,,,,,,,,,,,,,New,,,,,,,,,,,,,,,,,,,,,,,,,,,,,,,,NM 9+,in stock,93635,US,USPS Media Mail,6.00,3-5,5-7,3-5
,," Edge of Spider-Verse, Vol. 2 2G", G Peach Momoko Virgin Variant,,,,,259104,,,,,,,,65.0,,,USD,,,,,,,,,,,,,,,,,,,,,New,,,,,,,,,,,,,,,,,,,,,,,,,,,,,,,,NM 9+,in stock,93635,US,USPS Media Mail,6.00,3-5,5-7,3-5
,, Eve 2C, C Incentive Dan Mora Virgin Cover,,,,,259104,,,,,,,,25.0,,,USD,,,,,,,,,,,,,,,,,,,,,New,,,,,,,,,,,,,,,,,,,,,,,,,,,,,,,,NM 9+,in stock,93635,US,USPS Media Mail,6.00,3-5,5-7,3-5
,, Eve 4C, C 10 Copy Incentive Meyers,,,,,259104,,,,,,,,15.0,,,USD,,,,,,,,,,,,,,,,,,,,,New,,,,,,,,,,,,,,,,,,,,,,,,,,,,,,,,NM 9+,in stock,93635,US,USPS Media Mail,6.00,3-5,5-7,3-5
,," Ghost Rider 2099, Vol. 1 1B",Burning Chrome B Foil Cover,,,,,259104,,,,,,,,21.0,,,USD,,,,,,,,,,,,,,,,,,,,,New,,,,,,,,,,,,,,,,,,,,,,,,,,,,,,,,NM 9+,in stock,93635,US,USPS Media Mail,6.00,3-5,5-7,3-5
,, House of Slaughter 1H, H Jenny Frison 1:200 Incentive Foil Variant,,,,,259104,,,,,,,,100.0,,,USD,,,,,,,,,,,,,,,,,,,,,New,,,,,,,,,,,,,,,,,,,,,,,,,,,,,,,,NM 9+,in stock,93635,US,USPS Media Mail,6.00,3-5,5-7,3-5
,, I Make Boys Cry 1A, A Jamie Tyndall,,,,,259104,,,,,,,,18.0,,,USD,,,,,,,,,,,,,,,,,,,,,New,,,,,,,,,,,,,,,,,,,,,,,,,,,,,,,,NM 9+,in stock,93635,US,USPS Media Mail,6.00,3-5,5-7,3-5
,, Joe Hill: Rain 1E, E 50 Copy Incentive Deliz,,,,,259104,,,,,,,,28.0,,,USD,,,,,,,,,,,,,,,,,,,,,New,,,,,,,,,,,,,,,,,,,,,,,,,,,,,,,,NM 9+,in stock,93635,US,USPS Media Mail,6.00,3-5,5-7,3-5
,, Joe Hill: Rain 1F, F 100 Copy Incentive Thorogood Sketch,,,,,259104,,,,,,,,48.0,,,USD,,,,,,,,,,,,,,,,,,,,,New,,,,,,,,,,,,,,,,,,,,,,,,,,,,,,,,NM 9+,in stock,93635,US,USPS Media Mail,6.00,3-5,5-7,3-5
,," Lady Death: Cataclysmic Majesty, Vol. 2 1B", B ,,,,,259104,,,,,,,,14.0,,,USD,,,,,,,,,,,,,,,,,,,,,New,,,,,,,,,,,,,,,,,,,,,,,,,,,,,,,,NM 9+,in stock,93635,US,USPS Media Mail,6.00,3-5,5-7,3-5
,, The Ren & Stimpy Show 1A,Ren & Stimpy Go Bad A Newsstand Edition,,,,,259104,,,,,,,,14.0,,,USD,,,,,,,,,,,,,,,,,,,,,New,,,,,,,,,,,,,,,,,,,,,,,,,,,,,,,,NM 9+,in stock,93635,US,USPS Media Mail,6.00,3-5,5-7,3-5
,," She-Hulk, Vol. 4 1D", D Adam Hughes Variant Cover,,,,,259104,,,,,,,,48.0,,,USD,,,,,,,,,,,,,,,,,,,,,New,,,,,,,,,,,,,,,,,,,,,,,,,,,,,,,,NM 9+,in stock,93635,US,USPS Media Mail,6.00,3-5,5-7,3-5
,, Something is Killing the Children 25M, M Zu Orzu Variant,,,,,259104,,,,,,,,43.0,,,USD,,,,,,,,,,,,,,,,,,,,,New,,,,,,,,,,,,,,,,,,,,,,,,,,,,,,,,NM 9+,in stock,93635,US,USPS Media Mail,6.00,3-5,5-7,3-5
,, Star Wars Adventures (2017) 32D, D Peach Momoko Frankie's Comics Retailer Exclusive Virgin Variant Cover,,,,,259104,,,,,,,,100.0,,,USD,,,,,,,,,,,,,,,,,,,,,New,,,,,,,,,,,,,,,,,,,,,,,,,,,,,,,,NM 9+,in stock,93635,US,USPS Media Mail,6.00,3-5,5-7,3-5
,," Star Wars: Droids, Vol. 1 1",  Cvr Kennedy,,,,,259104,,,,,,,,30.0,,,USD,,,,,,,,,,,,,,,,,,,,,New,,,,,,,,,,,,,,,,,,,,,,,,,,,,,,,,NM 9+,in stock,93635,US,USPS Media Mail,6.00,3-5,5-7,3-5
,, Star Wars: The Mandalorian 3F, F Todd Nauck Virgin Variant,,,,,259104,,,,,,,,30.0,,,USD,,,,,,,,,,,,,,,,,,,,,New,,,,,,,,,,,,,,,,,,,,,,,,,,,,,,,,NM 9+,in stock,93635,US,USPS Media Mail,6.00,3-5,5-7,3-5
,," The Amazing Spider-Man, Vol. 3 1A","Lucky To Be Alive / Recapturing That Old Spark / Crossed Paths / How My Stuff Works / Homecoming, Sort Of / Kaine / Learning To Crawl: Amazing Reality A Regular Humberto Ramos Cover",,,,,259104,,,,,,,,70.0,,,USD,,,,,,,,,,,,,,,,,,,,,New,,,,,,,,,,,,,,,,,,,,,,,,,,,,,,,,NM 9+,in stock,93635,US,USPS Media Mail,6.00,3-5,5-7,3-5
,, Vanish 1G, G Daniel Warren Johnson Raw Variant,,,,,259104,,,,,,,,23.0,,,USD,,,,,,,,,,,,,,,,,,,,,New,,,,,,,,,,,,,,,,,,,,,,,,,,,,,,,,NM 9+,in stock,93635,US,USPS Media Mail,6.00,3-5,5-7,3-5
,," Wizard: The Magazine of Comics, Entertainment and Pop Culture 1",Collector's Edition  ,,,,,259104,,,,,,,,140.0,,,USD,,,,,,,,,,,,,,,,,,,,,New,,,,,,,,,,,,,,,,,,,,,,,,,,,,,,,,NM 9+,in stock,93635,US,USPS Media Mail,6.00,3-5,5-7,3-5
,," Wolverine, Vol. 2 88C",It's D-D-Deadpool Folks! C Deluxe Direct Edition,,,,,259104,,,,,,,,180.0,,,USD,,,,,,,,,,,,,,,,,,,,,New,,,,,,,,,,,,,,,,,,,,,,,,,,,,,,,,NM 9+,in stock,93635,US,USPS Media Mail,6.00,3-5,5-7,3-5
